158801492,Peck Street Park
158958832,Lemery Park
162615092,Prairie Park
162721012,Calvin Crest Park
711084411,Kent Trails
158957462,Jackson Park
158957591,Lions Park
158957641,40th street Park
158957832,Oriole Park
158957925,Palmer Park
158958385,Palmer Park Field
318431325,Ken-O-Sha Park
504892462,South Lawn Park
504895929,Phillips Memorial Park
563683061,Plaster Creek
585243352,Hillcroft Park
762554406,Home Acres Park
316611486,Oxford Park
547257464,Stanaback Park
615880260,Christian Athletic Complex
158801335,Lee Street Park
158954126,Millennium Park
158960148,Lamar Park
158955069,Marquette Park
158955731,Kimball Stadium
158956489,Wyoming Dog Park
158959502,Battjes Park
162448854,Roosevelt Park
162615122,Pinery Park
316613770,Bike Park
598194530,Sherwood Forest
157479806,Burton Woods Park
199264750,Garfield Park
312341834,Seymour Park
312341998,Paris Park
312342644,Cheseboro Park
332786799,Dickinson Buffer Park
346028229,Plaster Creek Family Park
591663560,
477438348,Oakdale Gardens
225056793,MacKay-Jaycee Park
267161628,Cambridge Park
267162806,Mulick Park
293637046,Indian Trails Golf Course
312342144,Ottawa Hills High School Grounds
424593469,Ottawa Hills Park
316611967,Camelot Park
533667751,John H. Bonnell Park
547239773,Calvin University Ecosystem Preserve
160829157,John Ball Park
162447289,Clemente Park
162447538,Kensington Park
226480281,Lincoln Park
314500383,Westown Commons Park
314503839,Butterworth Park
316611454,Caulfield Park
316613771,Douglas Park
424592696,Lexington Park
491215529,Sibley School Park
162741606,Veteran's Memorial Park
162742699,Rosa Parks Circle
162804244,Monument Park
252287072,Ah-Nab-Awen Park
252288395,Heartside Park
262879701,Cherry Park
263065782,Congress Park
287418677,Pleasant Park
312341828,Joe Taylor Park
312343611,Baldwin Park
312343772,Midtown Green
314501414,Foster Park
314501437,Alexander Park
314503819,Calder Plaza
314504675,Crescent Park
314504676,Heritage Hill Park
316609062,Campau Park
316613213,Mooney Park
316613769,Hosken Park
316613844,Pekich Park
316614009,Paul I Phillips Recreation Center
316614228,Lyon Square
317007145,Lincoln Place Park
352646114,Riverwalk Trails Park
424592056,Rasberry Field
491214841,Baw-Wa-Ting Park
540327384,Lacks Park
541633915,Louis Campau Promenade
764486031,Downtown Dog Park
764496466,Studio Park Piazza
255734797,John Collins Park
312340153,Martin Luther King Jr. Park
312340606,Wilcox Park
312340636,Hillcrest Park
316611323,Fuller Park
339840771,Fulton Street Farmers Market
488039005,Remington Park
504306828,Waterfront Park
526057554,Hodenpyl Woods
546430649,Sigsbee Park
503941127,Manhattan Park
533266842,Griffiths Park
238550327,Blandford Nature Center
273270545,Covell Dog Park
293637045,The Highlands
424594195,Tremont Greenspace
544952020,Union Sledding Hill
544954778,Shawmut Park
53256773,Sullivan Field
85525475,Richmond Park
220477191,Valley Field
220477192,Nagold Park
53332627,Riverside Park
164514495,Briggs Park
199077164,Sixth Street Bridge Park
199077527,Fish Ladder Park
199077692,Canal Street Park
199077805,Coit Park
199077958,Highland Park
264397178,Lookout Park
314502730,Belknap Park
316613900,Mary Waters Park
316614185,Sweet Street Park
316614230,Reservoir Park
666391126,Eastern Park
316613772,Huff Park
346027188,Ball Perkins Park
312342132,Grand Rapids Township Park
473879679,Alpine Estates Park
551172278,English Hills Park
312343601,Aberdeen Park
469515317,Grotto Park
490616528,Lamoreaux Memorial Park
273878,White Pine Trail State Park
346395629,Provin Trails Park
522791253,Knapp Valley Forest Park
161254972,Aman Park
