220477191,Fourth Street Woods
158957832,Oriole Park
316613899,Mary Waters
316613900,Mary Waters
255734797,John Collins Park
312341524,Alger Park
158957591,Lions Park
225056793,MacKay-Jaycee Park
267161628,Cambridge Park
314500383,Westown Commons Park
231169059,
314501414,Foster Park
314501415,Alexander Park
316614185,Sweet Street Park
199077164,6th Street Bridge Park
318431325,Ken-O-Sha Park
220477192,Nagold Park
162615092,Prairie Park
287418677,Pleasant Park
238550327,Blandford Nature Center
312343611,Baldwin Street Park
312343612,Oakdale Gardens
158955069,Marquette Park
252288395,Heartside Park
312341828,Joe Taylor Parks
53256773,Sullivan Field
199077958,Highland Park
158957641,40th street Park
312341834,Seymour Park
312342132,Grand Rapids Township Park
162615122,Pinery Park
314504675,Crescent Park
316614228,Lyon Square
158954126,Millennium Park
316614230,Reservoir Park
162447289,Clemente Park
316613213,Mooney Park
252287072,Ah Nab Awen
158957925,Palmer Park
162741606,Veterans Park
199077692,Canal Park
314501437,Alexander Park
312342644,Cheseboro Park
162804244,Monument Park
264397178,Lookout Park
312340606,Wilcox Park
316611967,Camelot Park
312342144,Ottawa Hills High School Grounds
316613769,Hosken Park
316613770,Bike Park
316613771,Douglas Park
316613772,Huff Park
158959502,Battjes Park
53332627,Riverside Park
312341998,Paris Park
158957462,Jackson Park
199077527,Fish Ladder Park
226480281,Lincoln Park
314499739,Ball Perkins Park Community Garden
312340636,Hillcrest Park
316611486,Oxford Park
314503839,Butterworth Park
316611454,Caulfield Playground
162742699,Rosa Parks Circle
199077805,Coit Park
158960148,Lamar Park
162447538,Kensington Park
267162806,Mulick Park
158801335,Lee Street Park
312340153,Martin Luther King Park
314502730,Belknap Park
164514495,Briggs Park
158956489,Wyoming Dog Park
158955731,Kimball Stadium
316613844,Pekich Park
262879701,Cherry Park
162448854,Roosevelt Park
316614009,Paul I Phillips Recreation Center
312343601,Aberdeen Park
312343772,Midtown Green
263065782,Congress park
85525475,Richmond Park
314504676,Heritage Hill Park
160829157,John Ball Park
199264750,Garfield Park
158958832,Lemery Park
162721012,Calvin Crest Park
157479806,Burton Woods Park
316611323,Fuller Park
316609062,Campau Park
